run,steps,targets,parameters,cache,kd,validation_final,validation_ema,validation_avg,test_bpb,test_seconds,training_seconds,implementation_sha256
ab_drop4800,4800,39321600,8093760,True,,1.7109439181119055,1.6345405641473165,1.6657784639657818,,,293.13452323300044,c05bec94bd63bdf70038601fac981c9047d106e602bdfdb02f103c43d8f477c0
ab_gelu4800,4800,39321600,8041920,True,,1.5626736545272382,1.5686673836154064,1.566255228930992,,,281.61973480600045,c05bec94bd63bdf70038601fac981c9047d106e602bdfdb02f103c43d8f477c0
ab_main4800,4800,39321600,8093760,True,,1.5769735735871524,1.5806444029132003,1.5797292403557035,,,298.05969760399967,c05bec94bd63bdf70038601fac981c9047d106e602bdfdb02f103c43d8f477c0
ab_nocache4800,4800,39321600,8093760,False,,1.5769735735871524,1.5806444029132003,1.5797292403557035,,,298.8425114689999,c05bec94bd63bdf70038601fac981c9047d106e602bdfdb02f103c43d8f477c0
ab_untied4800,4800,39321600,8749120,True,,1.6053625903893047,1.6076015589883275,1.6086015868097463,,,299.651888892,c05bec94bd63bdf70038601fac981c9047d106e602bdfdb02f103c43d8f477c0
arm_both19k,19200,157286400,8093760,True,0.5,1.4978014240074469,1.4942318868226756,1.49526200622695,,,2548.83246064,c05bec94bd63bdf70038601fac981c9047d106e602bdfdb02f103c43d8f477c0
arm_cache19k,19200,157286400,8093760,True,,1.5305462978721949,1.5236338478969647,1.5252780332578946,1.544365294960738,22.522411592000026,2483.577625317015,c05bec94bd63bdf70038601fac981c9047d106e602bdfdb02f103c43d8f477c0
arm_kd19k,19200,157286400,8093760,False,0.5,1.4978014240074469,1.4942318868226756,1.49526200622695,1.5205068960483963,27.806977476000156,2541.3118818330004,c05bec94bd63bdf70038601fac981c9047d106e602bdfdb02f103c43d8f477c0
arm_no19k,19200,157286400,8093760,False,,1.5305462978721949,1.5236338478969647,1.5252780332578946,1.5511862940004053,28.372994052000195,2475.8507300060046,c05bec94bd63bdf70038601fac981c9047d106e602bdfdb02f103c43d8f477c0
base_smoke,10,81920,1088256,False,,3.579821969004955,,,,,2.185357179001585,6cce142a31d396f017319543f50d70f30fa6da740729af01c8baed13c6f671f9
baseline,1200,9830400,1088256,False,,2.071083432163576,,,2.1012601732321383,5.244558562000748,254.36128431099996,6cce142a31d396f017319543f50d70f30fa6da740729af01c8baed13c6f671f9
s0_19k,19200,157286400,1088256,False,,1.6772469650940127,,,,,213.19627008700263,6cce142a31d396f017319543f50d70f30fa6da740729af01c8baed13c6f671f9
s0_48k,48000,393216000,1088256,False,,1.6815623202029026,,,,,535.0983885199998,6cce142a31d396f017319543f50d70f30fa6da740729af01c8baed13c6f671f9
s320_smoke,100,819200,8093760,True,,2.430893524411804,3.5065628947186784,,,,6.299443235999206,c05bec94bd63bdf70038601fac981c9047d106e602bdfdb02f103c43d8f477c0
s_both48,72000,589824000,8093760,True,0.5,1.4868649310112874,1.4823852171876384,1.4831933184736594,1.5063290780100154,22.112950486000045,9491.713766397,c05bec94bd63bdf70038601fac981c9047d106e602bdfdb02f103c43d8f477c0
s_dir48,72000,589824000,8093760,True,,1.563057645058856,1.555212944926378,1.5566207605917903,1.5909308854526005,22.7505300849989,9062.721499704996,c05bec94bd63bdf70038601fac981c9047d106e602bdfdb02f103c43d8f477c0
s_direct,48000,393216000,8030400,False,,1.7046390570662897,1.7045071984963807,1.7045816267330005,1.7382252346003297,22.899947279000116,6472.7006683340005,c05bec94bd63bdf70038601fac981c9047d106e602bdfdb02f103c43d8f477c0
s_kd,48000,393216000,8030400,False,0.5,1.5150255321971435,1.5150587900675128,1.515068655279553,1.5477370424578039,29.415335043000596,6743.3002332000015,c05bec94bd63bdf70038601fac981c9047d106e602bdfdb02f103c43d8f477c0
smoke,10,81920,1088256,False,,3.579821969004955,,,3.618847729129706,5.227682028999993,2.1740002079999954,6cce142a31d396f017319543f50d70f30fa6da740729af01c8baed13c6f671f9
t17,48000,393216000,8093760,False,,1.5492794425698948,1.5430114058039581,1.5437498462052222,1.5731772791687657,21.931285706999972,2960.673883784002,c05bec94bd63bdf70038601fac981c9047d106e602bdfdb02f103c43d8f477c0
t29,48000,393216000,8093760,False,,1.5508730493804916,1.5435086717042819,1.5451419062035947,1.5695935336738536,22.56093648700005,2947.842972727987,c05bec94bd63bdf70038601fac981c9047d106e602bdfdb02f103c43d8f477c0
